EventName,EventTitle,,,,
KEY_SLING_PICKUP_RELEASE,SLING_PICKUP_RELEASE,,,,
KEY_HOIST_SWITCH_EXTEND,HOIST_SWITCH_EXTEND,,,,
KEY_HOIST_SWITCH_RETRACT,HOIST_SWITCH_RETRACT,,,,
KEY_HOIST_SWITCH_SET,HOIST_SWITCH_SET,,,,
KEY_HOIST_DEPLOY_TOGGLE,HOIST_DEPLOY_TOGGLE,,,,
KEY_HOIST_DEPLOY_SET,HOIST_DEPLOY_SET,,,,
KEY_TOGGLE_ANTIDETONATION_TANK_VALVE,ANTIDETONATION_TANK_VALVE_TOGGLE,,,,
KEY_TOGGLE_NITROUS_TANK_VALVE,NITROUS_TANK_VALVE_TOGGLE,,,,
KEY_TOGGLE_RACERESULTS_WINDOW,TOGGLE_RACERESULTS_WINDOW,,,,
KEY_TAKEOFF_ASSIST_ARM_TOGGLE,TAKEOFF_ASSIST_ARM_TOGGLE,,,,
KEY_TAKEOFF_ASSIST_ARM_SET,TAKEOFF_ASSIST_ARM_SET,,,,
KEY_TAKEOFF_ASSIST_FIRE,TAKEOFF_ASSIST_FIRE,,,,
KEY_TOGGLE_LAUNCH_BAR_SWITCH,TOGGLE_LAUNCH_BAR_SWITCH,,,,
KEY_SET_LAUNCHBAR_SWITCH,SET_LAUNCH_BAR_SWITCH,,,,
KEY_REPAIR_AND_REFUEL,REPAIR_AND_REFUEL,,,,
KEY_DME_SELECT,DME_SELECT,,,,
KEY_FUEL_DUMP_TOGGLE,FUEL_DUMP_TOGGLE,,,,
KEY_VIEW_COCKPIT_FORWARD,VIEW_COCKPIT_FORWARD,,,,
KEY_VIEW_VIRTUAL_COCKPIT_FORWARD,VIEW_VIRTUAL_COCKPIT_FORWARD,,,,
KEY_TOW_PLANE_RELEASE,TOW_PLANE_RELEASE,,,,
KEY_REQUEST_TOW_PLANE,TOW_PLANE_REQUEST,,,,
KEY_REQUEST_FUEL,REQUEST_FUEL_KEY,,,,
KEY_RELEASE_DROPPABLE_OBJECTS,RELEASE_DROPPABLE_OBJECTS,,,,
KEY_VIEW_PANEL_ALPHA_SET,VIEW_PANEL_ALPHA_SET,,,,
KEY_VIEW_PANEL_ALPHA_SELECT,VIEW_PANEL_ALPHA_SELECT,,,,
KEY_VIEW_PANEL_ALPHA_INC,VIEW_PANEL_ALPHA_INC,,,,
KEY_VIEW_PANEL_ALPHA_DEC,VIEW_PANEL_ALPHA_DEC,,,,
KEY_VIEW_LINKING_SET,VIEW_LINKING_SET,,,,
KEY_VIEW_LINKING_TOGGLE,VIEW_LINKING_TOGGLE,,,,
KEY_RADIO_SELECTED_DME_IDENT_ENABLE,RADIO_SELECTED_DME_IDENT_ENABLE,,,,
KEY_RADIO_SELECTED_DME_IDENT_DISABLE,RADIO_SELECTED_DME_IDENT_DISABLE,,,,
KEY_RADIO_SELECTED_DME_IDENT_SET,RADIO_SELECTED_DME_IDENT_SET,,,,
KEY_RADIO_SELECTED_DME_IDENT_TOGGLE,RADIO_SELECTED_DME_IDENT_TOGGLE,,,,
KEY_GAUGE_KEYSTROKE,GAUGE_KEYSTROKE,,,,
KEY_SIMUI_WINDOW_HIDESHOW,SIMUI_WINDOW_HIDESHOW,,,,
KEY_TOGGLE_VARIOMETER_SWITCH,TOGGLE_VARIOMETER_SWITCH,,,,
KEY_TOGGLE_TURN_INDICATOR_SWITCH,TOGGLE_TURN_INDICATOR_SWITCH,,,,
KEY_WINDOW_TITLES_TOGGLE,VIEW_WINDOW_TITLES_TOGGLE,,,,
KEY_AXIS_PAN_PITCH,AXIS_PAN_PITCH,,,,
KEY_AXIS_PAN_HEADING,AXIS_PAN_HEADING,,,,
KEY_AXIS_PAN_TILT,AXIS_PAN_TILT,,,,
KEY_AXIS_INDICATOR_CYCLE,VIEW_AXIS_INDICATOR_CYCLE,,,,
KEY_MAP_ORIENTATION_CYCLE,VIEW_MAP_ORIENTATION_CYCLE,,,,
KEY_TOGGLE_JETWAY,TOGGLE_JETWAY,,,,
KEY_RETRACT_FLOAT_SWITCH_DEC,RETRACT_FLOAT_SWITCH_DEC,,,,
KEY_RETRACT_FLOAT_SWITCH_INC,RETRACT_FLOAT_SWITCH_INC,,,,
KEY_TOGGLE_WATER_BALLAST_VALVE,TOGGLE_WATER_BALLAST_VALVE,,,,
KEY_VIEW_CHASE_DISTANCE_ADD,VIEW_CHASE_DISTANCE_ADD,,,,
KEY_VIEW_CHASE_DISTANCE_SUB,VIEW_CHASE_DISTANCE_SUB,,,,
KEY_APU_STARTER,APU_STARTER,,,,
KEY_APU_OFF_SWITCH,APU_OFF_SWITCH,,,,
KEY_APU_GENERATOR_SWITCH_TOGGLE,APU_GENERATOR_SWITCH_TOGGLE,,,,
KEY_APU_GENERATOR_SWITCH_SET,APU_GENERATOR_SWITCH_SET,,,,
KEY_EXTINGUISH_ENGINE_FIRE,EXTINGUISH_ENGINE_FIRE,,,,
KEY_AP_MAX_BANK_INC,AP_MAX_BANK_INC,,,,
KEY_AP_MAX_BANK_DEC,AP_MAX_BANK_DEC,,,,
KEY_AP_N1_HOLD,AP_N1_HOLD,,,,
KEY_AP_N1_REF_INC,AP_N1_REF_INC,,,,
KEY_AP_N1_REF_DEC,AP_N1_REF_DEC,,,,
KEY_AP_N1_REF_SET,AP_N1_REF_SET,,,,
KEY_HYDRAULIC_SWITCH_TOGGLE,HYDRAULIC_SWITCH_TOGGLE,,,,
KEY_BLEED_AIR_SOURCE_CONTROL_INC,BLEED_AIR_SOURCE_CONTROL_INC,,,,
KEY_BLEED_AIR_SOURCE_CONTROL_DEC,BLEED_AIR_SOURCE_CONTROL_DEC,,,,
KEY_TURBINE_IGNITION_SWITCH_TOGGLE,TURBINE_IGNITION_SWITCH_TOGGLE,,,,
KEY_CABIN_NO_SMOKING_ALERT_SWITCH_TOGGLE,CABIN_NO_SMOKING_ALERT_SWITCH_TOGGLE,,,,
KEY_CABIN_SEATBELTS_ALERT_SWITCH_TOGGLE,CABIN_SEATBELTS_ALERT_SWITCH_TOGGLE,,,,
KEY_ANTISKID_BRAKES_TOGGLE,ANTISKID_BRAKES_TOGGLE,,,,
KEY_GPWS_SWITCH_TOGGLE,GPWS_SWITCH_TOGGLE,,,,
KEY_VIDEO_RECORD_TOGGLE,VIDEO_RECORD_TOGGLE,,,,
KEY_TOGGLE_AIRPORT_NAME_DISPLAY,TOGGLE_AIRPORT_NAME_DISPLAY,,,,
KEY_CAPTURE_SCREENSHOT,CAPTURE_SCREENSHOT,,,,
KEY_MOUSE_LOOK_TOGGLE,MOUSE_LOOK_TOGGLE,,,,
KEY_YAXIS_INVERT_TOGGLE,YAXIS_INVERT_TOGGLE,,,,
KEY_AUTOCOORD_TOGGLE,AUTORUDDER_TOGGLE,,,,
KEY_FLY_BY_WIRE_ELAC_TOGGLE,FLY_BY_WIRE_ELAC_TOGGLE,,,,
KEY_FLY_BY_WIRE_FAC_TOGGLE,FLY_BY_WIRE_FAC_TOGGLE,,,,
KEY_FLY_BY_WIRE_SEC_TOGGLE,FLY_BY_WIRE_SEC_TOGGLE,,,,
KEY_MANUAL_FUEL_PRESSURE_PUMP,MANUAL_FUEL_PRESSURE_PUMP,,,,
KEY_STEERING_INC,STEERING_INC,,,,
KEY_STEERING_DEC,STEERING_DEC,,,,
KEY_STEERING_SET,STEERING_SET,,,,
KEY_FREEZE_LATITUDE_LONGITUDE_TOGGLE,FREEZE_LATITUDE_LONGITUDE_TOGGLE,,,,
KEY_FREEZE_LATITUDE_LONGITUDE_SET,FREEZE_LATITUDE_LONGITUDE_SET,,,,
KEY_FREEZE_ALTITUDE_TOGGLE,FREEZE_ALTITUDE_TOGGLE,,,,
KEY_FREEZE_ALTITUDE_SET,FREEZE_ALTITUDE_SET,,,,
KEY_FREEZE_ATTITUDE_TOGGLE,FREEZE_ATTITUDE_TOGGLE,,,,
KEY_FREEZE_ATTITUDE_SET,FREEZE_ATTITUDE_SET,,,,
KEY_PRESSURIZATION_PRESSURE_ALT_INC,PRESSURIZATION_PRESSURE_ALT_INC,,,,
KEY_PRESSURIZATION_PRESSURE_ALT_DEC,PRESSURIZATION_PRESSURE_ALT_DEC,,,,
KEY_PRESSURIZATION_CLIMB_RATE_INC,PRESSURIZATION_CLIMB_RATE_INC,,,,
KEY_PRESSURIZATION_CLIMB_RATE_DEC,PRESSURIZATION_CLIMB_RATE_DEC,,,,
KEY_PRESSURIZATION_PRESSURE_DUMP_SWTICH,PRESSURIZATION_PRESSURE_DUMP_SWTICH,,,,
KEY_FUEL_SELECTOR_LEFT_MAIN,FUEL_SELECTOR_LEFT_MAIN,,,,
KEY_FUEL_SELECTOR_2_LEFT_MAIN,FUEL_SELECTOR_2_LEFT_MAIN,,,,
KEY_FUEL_SELECTOR_3_LEFT_MAIN,FUEL_SELECTOR_3_LEFT_MAIN,,,,
KEY_FUEL_SELECTOR_4_LEFT_MAIN,FUEL_SELECTOR_4_LEFT_MAIN,,,,
KEY_FUEL_SELECTOR_RIGHT_MAIN,FUEL_SELECTOR_RIGHT_MAIN,,,,
KEY_FUEL_SELECTOR_2_RIGHT_MAIN,FUEL_SELECTOR_2_RIGHT_MAIN,,,,
KEY_FUEL_SELECTOR_3_RIGHT_MAIN,FUEL_SELECTOR_3_RIGHT_MAIN,,,,
KEY_FUEL_SELECTOR_4_RIGHT_MAIN,FUEL_SELECTOR_4_RIGHT_MAIN,,,,
KEY_POINT_OF_INTEREST_TOGGLE_POINTER,POINT_OF_INTEREST_TOGGLE_POINTER,,,,
KEY_POINT_OF_INTEREST_CYCLE_PREVIOUS,POINT_OF_INTEREST_CYCLE_PREVIOUS,,,,
KEY_POINT_OF_INTEREST_CYCLE_NEXT,POINT_OF_INTEREST_CYCLE_NEXT,,,,
KEY_G1000_PFD_FLIGHTPLAN_BUTTON,G1000_PFD_FLIGHTPLAN_BUTTON,,,,
KEY_G1000_PFD_PROCEDURE_BUTTON,G1000_PFD_PROCEDURE_BUTTON,,,,
KEY_G1000_PFD_ZOOMIN_BUTTON,G1000_PFD_ZOOMIN_BUTTON,,,,
KEY_G1000_PFD_ZOOMOUT_BUTTON,G1000_PFD_ZOOMOUT_BUTTON,,,,
KEY_G1000_PFD_DIRECTTO_BUTTON,G1000_PFD_DIRECTTO_BUTTON,,,,
KEY_G1000_PFD_MENU_BUTTON,G1000_PFD_MENU_BUTTON,,,,
KEY_G1000_PFD_CLEAR_BUTTON,G1000_PFD_CLEAR_BUTTON,,,,
KEY_G1000_PFD_ENTER_BUTTON,G1000_PFD_ENTER_BUTTON,,,,
KEY_G1000_PFD_CURSOR_BUTTON,G1000_PFD_CURSOR_BUTTON,,,,
KEY_G1000_PFD_GROUP_KNOB_INC,G1000_PFD_GROUP_KNOB_INC,,,,
KEY_G1000_PFD_GROUP_KNOB_DEC,G1000_PFD_GROUP_KNOB_DEC,,,,
KEY_G1000_PFD_PAGE_KNOB_INC,G1000_PFD_PAGE_KNOB_INC,,,,
KEY_G1000_PFD_PAGE_KNOB_DEC,G1000_PFD_PAGE_KNOB_DEC,,,,
KEY_G1000_PFD_SOFTKEY1,G1000_PFD_SOFTKEY1,,,,
KEY_G1000_PFD_SOFTKEY2,G1000_PFD_SOFTKEY2,,,,
KEY_G1000_PFD_SOFTKEY3,G1000_PFD_SOFTKEY3,,,,
KEY_G1000_PFD_SOFTKEY4,G1000_PFD_SOFTKEY4,,,,
KEY_G1000_PFD_SOFTKEY5,G1000_PFD_SOFTKEY5,,,,
KEY_G1000_PFD_SOFTKEY6,G1000_PFD_SOFTKEY6,,,,
KEY_G1000_PFD_SOFTKEY7,G1000_PFD_SOFTKEY7,,,,
KEY_G1000_PFD_SOFTKEY8,G1000_PFD_SOFTKEY8,,,,
KEY_G1000_PFD_SOFTKEY9,G1000_PFD_SOFTKEY9,,,,
KEY_G1000_PFD_SOFTKEY10,G1000_PFD_SOFTKEY10,,,,
KEY_G1000_PFD_SOFTKEY11,G1000_PFD_SOFTKEY11,,,,
KEY_G1000_PFD_SOFTKEY12,G1000_PFD_SOFTKEY12,,,,
KEY_G1000_MFD_FLIGHTPLAN_BUTTON,G1000_MFD_FLIGHTPLAN_BUTTON,,,,
KEY_G1000_MFD_PROCEDURE_BUTTON,G1000_MFD_PROCEDURE_BUTTON,,,,
KEY_G1000_MFD_ZOOMIN_BUTTON,G1000_MFD_ZOOMIN_BUTTON,,,,
KEY_G1000_MFD_ZOOMOUT_BUTTON,G1000_MFD_ZOOMOUT_BUTTON,,,,
KEY_G1000_MFD_DIRECTTO_BUTTON,G1000_MFD_DIRECTTO_BUTTON,,,,
KEY_G1000_MFD_MENU_BUTTON,G1000_MFD_MENU_BUTTON,,,,
KEY_G1000_MFD_CLEAR_BUTTON,G1000_MFD_CLEAR_BUTTON,,,,
KEY_G1000_MFD_ENTER_BUTTON,G1000_MFD_ENTER_BUTTON,,,,
KEY_G1000_MFD_CURSOR_BUTTON,G1000_MFD_CURSOR_BUTTON,,,,
KEY_G1000_MFD_GROUP_KNOB_INC,G1000_MFD_GROUP_KNOB_INC,,,,
KEY_G1000_MFD_GROUP_KNOB_DEC,G1000_MFD_GROUP_KNOB_DEC,,,,
KEY_G1000_MFD_PAGE_KNOB_INC,G1000_MFD_PAGE_KNOB_INC,,,,
KEY_G1000_MFD_PAGE_KNOB_DEC,G1000_MFD_PAGE_KNOB_DEC,,,,
KEY_G1000_MFD_SOFTKEY1,G1000_MFD_SOFTKEY1,,,,
KEY_G1000_MFD_SOFTKEY2,G1000_MFD_SOFTKEY2,,,,
KEY_G1000_MFD_SOFTKEY3,G1000_MFD_SOFTKEY3,,,,
KEY_G1000_MFD_SOFTKEY4,G1000_MFD_SOFTKEY4,,,,
KEY_G1000_MFD_SOFTKEY5,G1000_MFD_SOFTKEY5,,,,
KEY_G1000_MFD_SOFTKEY6,G1000_MFD_SOFTKEY6,,,,
KEY_G1000_MFD_SOFTKEY7,G1000_MFD_SOFTKEY7,,,,
KEY_G1000_MFD_SOFTKEY8,G1000_MFD_SOFTKEY8,,,,
KEY_G1000_MFD_SOFTKEY9,G1000_MFD_SOFTKEY9,,,,
KEY_G1000_MFD_SOFTKEY10,G1000_MFD_SOFTKEY10,,,,
KEY_G1000_MFD_SOFTKEY11,G1000_MFD_SOFTKEY11,,,,
KEY_G1000_MFD_SOFTKEY12,G1000_MFD_SOFTKEY2,,,,
KEY_THROTTLE_FULL,THROTTLE_FULL,,,,
KEY_THROTTLE_INCR,THROTTLE_INCR,,,,
KEY_THROTTLE_INCR_SMALL,THROTTLE_INCR_SMALL,,,,
KEY_THROTTLE_DECR,THROTTLE_DECR,,,,
KEY_THROTTLE_DECR_SMALL,THROTTLE_DECR_SMALL,,,,
KEY_THROTTLE_CUT,THROTTLE_CUT,,,,
KEY_INCREASE_THROTTLE,INCREASE_THROTTLE,,,,
KEY_DECREASE_THROTTLE,DECREASE_THROTTLE,,,,
KEY_THROTTLE_SET,THROTTLE_SET,,,,
KEY_AXIS_THROTTLE_SET,AXIS_THROTTLE_SET,,,,
KEY_THROTTLE1_SET,THROTTLE1_SET,,,,
KEY_THROTTLE2_SET,THROTTLE2_SET,,,,
KEY_THROTTLE3_SET,THROTTLE3_SET,,,,
KEY_THROTTLE4_SET,THROTTLE4_SET,,,,
KEY_THROTTLE1_FULL,THROTTLE1_FULL,,,,
KEY_THROTTLE1_INCR,THROTTLE1_INCR,,,,
KEY_THROTTLE1_INCR_SMALL,THROTTLE1_INCR_SMALL,,,,
KEY_THROTTLE1_DECR,THROTTLE1_DECR,,,,
KEY_THROTTLE1_CUT,THROTTLE1_CUT,,,,
KEY_THROTTLE2_FULL,THROTTLE2_FULL,,,,
KEY_THROTTLE2_INCR,THROTTLE2_INCR,,,,
KEY_THROTTLE2_INCR_SMALL,THROTTLE2_INCR_SMALL,,,,
KEY_THROTTLE2_DECR,THROTTLE2_DECR,,,,
KEY_THROTTLE2_CUT,THROTTLE2_CUT,,,,
KEY_THROTTLE3_FULL,THROTTLE3_FULL,,,,
KEY_THROTTLE3_INCR,THROTTLE3_INCR,,,,
KEY_THROTTLE3_INCR_SMALL,THROTTLE3_INCR_SMALL,,,,
KEY_THROTTLE3_DECR,THROTTLE3_DECR,,,,
KEY_THROTTLE3_CUT,THROTTLE3_CUT,,,,
KEY_THROTTLE4_FULL,THROTTLE4_FULL,,,,
KEY_THROTTLE4_INCR,THROTTLE4_INCR,,,,
KEY_THROTTLE4_INCR_SMALL,THROTTLE4_INCR_SMALL,,,,
KEY_THROTTLE4_DECR,THROTTLE4_DECR,,,,
KEY_THROTTLE4_CUT,THROTTLE4_CUT,,,,
KEY_THROTTLE_10,THROTTLE_10,,,,
KEY_THROTTLE_20,THROTTLE_20,,,,
KEY_THROTTLE_30,THROTTLE_30,,,,
KEY_THROTTLE_40,THROTTLE_40,,,,
KEY_THROTTLE_50,THROTTLE_50,,,,
KEY_THROTTLE_60,THROTTLE_60,,,,
KEY_THROTTLE_70,THROTTLE_70,,,,
KEY_THROTTLE_80,THROTTLE_80,,,,
KEY_THROTTLE_90,THROTTLE_90,,,,
KEY_AXIS_THROTTLE1_SET,AXIS_THROTTLE1_SET,,,,
KEY_AXIS_THROTTLE2_SET,AXIS_THROTTLE2_SET,,,,
KEY_AXIS_THROTTLE3_SET,AXIS_THROTTLE3_SET,,,,
KEY_AXIS_THROTTLE4_SET,AXIS_THROTTLE4_SET,,,,
KEY_THROTTLE1_DECR_SMALL,THROTTLE1_DECR_SMALL,,,,
KEY_THROTTLE2_DECR_SMALL,THROTTLE2_DECR_SMALL,,,,
KEY_THROTTLE3_DECR_SMALL,THROTTLE3_DECR_SMALL,,,,
KEY_THROTTLE4_DECR_SMALL,THROTTLE4_DECR_SMALL,,,,
KEY_PROP_PITCH_DECR_SMALL,PROP_PITCH_DECR_SMALL,,,,
KEY_PROP_PITCH1_DECR_SMALL,PROP_PITCH1_DECR_SMALL,,,,
KEY_PROP_PITCH2_DECR_SMALL,PROP_PITCH2_DECR_SMALL,,,,
KEY_PROP_PITCH3_DECR_SMALL,PROP_PITCH3_DECR_SMALL,,,,
KEY_PROP_PITCH4_DECR_SMALL,PROP_PITCH4_DECR_SMALL,,,,
KEY_MIXTURE1_RICH,MIXTURE1_RICH,,,,
KEY_MIXTURE1_INCR,MIXTURE1_INCR,,,,
KEY_MIXTURE1_INCR_SMALL,MIXTURE1_INCR_SMALL,,,,
KEY_MIXTURE1_DECR,MIXTURE1_DECR,,,,
KEY_MIXTURE1_LEAN,MIXTURE1_LEAN,,,,
KEY_MIXTURE2_RICH,MIXTURE2_RICH,,,,
KEY_MIXTURE2_INCR,MIXTURE2_INCR,,,,
KEY_MIXTURE2_INCR_SMALL,MIXTURE2_INCR_SMALL,,,,
KEY_MIXTURE2_DECR,MIXTURE2_DECR,,,,
KEY_MIXTURE2_LEAN,MIXTURE2_LEAN,,,,
KEY_MIXTURE3_RICH,MIXTURE3_RICH,,,,
KEY_MIXTURE3_INCR,MIXTURE3_INCR,,,,
KEY_MIXTURE3_INCR_SMALL,MIXTURE3_INCR_SMALL,,,,
KEY_MIXTURE3_DECR,MIXTURE3_DECR,,,,
KEY_MIXTURE3_LEAN,MIXTURE3_LEAN,,,,
KEY_MIXTURE4_RICH,MIXTURE4_RICH,,,,
KEY_MIXTURE4_INCR,MIXTURE4_INCR,,,,
KEY_MIXTURE4_INCR_SMALL,MIXTURE4_INCR_SMALL,,,,
KEY_MIXTURE4_DECR,MIXTURE4_DECR,,,,
KEY_MIXTURE4_LEAN,MIXTURE4_LEAN,,,,
KEY_MIXTURE_SET,MIXTURE_SET,,,,
KEY_MIXTURE_RICH,MIXTURE_RICH,,,,
KEY_MIXTURE_INCR,MIXTURE_INCR,,,,
KEY_MIXTURE_INCR_SMALL,MIXTURE_INCR_SMALL,,,,
KEY_MIXTURE_DECR,MIXTURE_DECR,,,,
KEY_MIXTURE_LEAN,MIXTURE_LEAN,,,,
KEY_MIXTURE1_SET,MIXTURE1_SET,,,,
KEY_MIXTURE2_SET,MIXTURE2_SET,,,,
KEY_MIXTURE3_SET,MIXTURE3_SET,,,,
KEY_MIXTURE4_SET,MIXTURE4_SET,,,,
KEY_AXIS_MIXTURE_SET,AXIS_MIXTURE_SET,,,,
KEY_AXIS_MIXTURE1_SET,AXIS_MIXTURE1_SET,,,,
KEY_AXIS_MIXTURE2_SET,AXIS_MIXTURE2_SET,,,,
KEY_AXIS_MIXTURE3_SET,AXIS_MIXTURE3_SET,,,,
KEY_AXIS_MIXTURE4_SET,AXIS_MIXTURE4_SET,,,,
KEY_MIXTURE_SET_BEST,MIXTURE_SET_BEST,,,,
KEY_MIXTURE_DECR_SMALL,MIXTURE_DECR_SMALL,,,,
KEY_MIXTURE1_DECR_SMALL,MIXTURE1_DECR_SMALL,,,,
KEY_MIXTURE2_DECR_SMALL,MIXTURE2_DECR_SMALL,,,,
KEY_MIXTURE3_DECR_SMALL,MIXTURE3_DECR_SMALL,,,,
KEY_MIXTURE4_DECR_SMALL,MIXTURE4_DECR_SMALL,,,,
KEY_PROP_PITCH_SET,PROP_PITCH_SET,,,,
KEY_PROP_PITCH_LO,PROP_PITCH_LO,,,,
KEY_PROP_PITCH_INCR,PROP_PITCH_INCR,,,,
KEY_PROP_PITCH_INCR_SMALL,PROP_PITCH_INCR_SMALL,,,,
KEY_PROP_PITCH_DECR,PROP_PITCH_DECR,,,,
KEY_PROP_PITCH_HI,PROP_PITCH_HI,,,,
KEY_PROP_PITCH1_SET,PROP_PITCH1_SET,,,,
KEY_PROP_PITCH2_SET,PROP_PITCH2_SET,,,,
KEY_PROP_PITCH3_SET,PROP_PITCH3_SET,,,,
KEY_PROP_PITCH4_SET,PROP_PITCH4_SET,,,,
KEY_PROP_PITCH1_LO,PROP_PITCH1_LO,,,,
KEY_PROP_PITCH1_INCR,PROP_PITCH1_INCR,,,,
KEY_PROP_PITCH1_INCR_SMALL,PROP_PITCH1_INCR_SMALL,,,,
KEY_PROP_PITCH1_DECR,PROP_PITCH1_DECR,,,,
KEY_PROP_PITCH1_HI,PROP_PITCH1_HI,,,,
KEY_PROP_PITCH2_LO,PROP_PITCH2_LO,,,,
KEY_PROP_PITCH2_INCR,PROP_PITCH2_INCR,,,,
KEY_PROP_PITCH2_INCR_SMALL,PROP_PITCH2_INCR_SMALL,,,,
KEY_PROP_PITCH2_DECR,PROP_PITCH2_DECR,,,,
KEY_PROP_PITCH2_HI,PROP_PITCH2_HI,,,,
KEY_PROP_PITCH3_LO,PROP_PITCH3_LO,,,,
KEY_PROP_PITCH3_INCR,PROP_PITCH3_INCR,,,,
KEY_PROP_PITCH3_INCR_SMALL,PROP_PITCH3_INCR_SMALL,,,,
KEY_PROP_PITCH3_DECR,PROP_PITCH3_DECR,,,,
KEY_PROP_PITCH3_HI,PROP_PITCH3_HI,,,,
KEY_PROP_PITCH4_LO,PROP_PITCH4_LO,,,,
KEY_PROP_PITCH4_INCR,PROP_PITCH4_INCR,,,,
KEY_PROP_PITCH4_INCR_SMALL,PROP_PITCH4_INCR_SMALL,,,,
KEY_PROP_PITCH4_DECR,PROP_PITCH4_DECR,,,,
KEY_PROP_PITCH4_HI,PROP_PITCH4_HI,,,,
KEY_AXIS_PROPELLER_SET,AXIS_PROPELLER_SET,,,,
KEY_AXIS_PROPELLER1_SET,AXIS_PROPELLER1_SET,,,,
KEY_AXIS_PROPELLER2_SET,AXIS_PROPELLER2_SET,,,,
KEY_AXIS_PROPELLER3_SET,AXIS_PROPELLER3_SET,,,,
KEY_AXIS_PROPELLER4_SET,AXIS_PROPELLER4_SET,,,,
KEY_JET_STARTER,JET_STARTER,,,,
KEY_STARTER_SET,MAGNETO_SET,,,,
KEY_TOGGLE_STARTER1,TOGGLE_STARTER1,,,,
KEY_TOGGLE_STARTER2,TOGGLE_STARTER2,,,,
KEY_TOGGLE_STARTER3,TOGGLE_STARTER3,,,,
KEY_TOGGLE_STARTER4,TOGGLE_STARTER4,,,,
KEY_TOGGLE_ALL_STARTERS,TOGGLE_ALL_STARTERS,,,,
KEY_ENGINE_AUTO_START,ENGINE_AUTO_START,,,,
KEY_ENGINE_AUTO_SHUTDOWN,ENGINE_AUTO_SHUTDOWN,,,,
KEY_MAGNETO,MAGNETO,,,,
KEY_MAGNETO_DECR,MAGNETO_DECR,,,,
KEY_MAGNETO_INCR,MAGNETO_INCR,,,,
KEY_MAGNETO1_OFF,MAGNETO1_OFF,,,,
KEY_MAGNETO1_RIGHT,MAGNETO1_RIGHT,,,,
KEY_MAGNETO1_LEFT,MAGNETO1_LEFT,,,,
KEY_MAGNETO1_BOTH,MAGNETO1_BOTH,,,,
KEY_MAGNETO1_START,MAGNETO1_START,,,,
KEY_MAGNETO2_OFF,MAGNETO2_OFF,,,,
KEY_MAGNETO2_RIGHT,MAGNETO2_RIGHT,,,,
KEY_MAGNETO2_LEFT,MAGNETO2_LEFT,,,,
KEY_MAGNETO2_BOTH,MAGNETO2_BOTH,,,,
KEY_MAGNETO2_START,MAGNETO2_START,,,,
KEY_MAGNETO3_OFF,MAGNETO3_OFF,,,,
KEY_MAGNETO3_RIGHT,MAGNETO3_RIGHT,,,,
KEY_MAGNETO3_LEFT,MAGNETO3_LEFT,,,,
KEY_MAGNETO3_BOTH,MAGNETO3_BOTH,,,,
KEY_MAGNETO3_START,MAGNETO3_START,,,,
KEY_MAGNETO4_OFF,MAGNETO4_OFF,,,,
KEY_MAGNETO4_RIGHT,MAGNETO4_RIGHT,,,,
KEY_MAGNETO4_LEFT,MAGNETO4_LEFT,,,,
KEY_MAGNETO4_BOTH,MAGNETO4_BOTH,,,,
KEY_MAGNETO4_START,MAGNETO4_START,,,,
KEY_MAGNETO_OFF,MAGNETO_OFF,,,,
KEY_MAGNETO_RIGHT,MAGNETO_RIGHT,,,,
KEY_MAGNETO_LEFT,MAGNETO_LEFT,,,,
KEY_MAGNETO_BOTH,MAGNETO_BOTH,,,,
KEY_MAGNETO_START,MAGNETO_START,,,,
KEY_MAGNETO1_DECR,MAGNETO1_DECR,,,,
KEY_MAGNETO1_INCR,MAGNETO1_INCR,,,,
KEY_MAGNETO2_DECR,MAGNETO2_DECR,,,,
KEY_MAGNETO2_INCR,MAGNETO2_INCR,,,,
KEY_MAGNETO3_DECR,MAGNETO3_DECR,,,,
KEY_MAGNETO3_INCR,MAGNETO3_INCR,,,,
KEY_MAGNETO4_DECR,MAGNETO4_DECR,,,,
KEY_MAGNETO4_INCR,MAGNETO4_INCR,,,,
KEY_MAGNETO_SET,,,,,
KEY_MAGNETO1_SET,MAGNETO1_SET,,,,
KEY_MAGNETO2_SET,MAGNETO2_SET,,,,
KEY_MAGNETO3_SET,MAGNETO3_SET,,,,
KEY_MAGNETO4_SET,MAGNETO4_SET,,,,
KEY_ANTI_ICE_ON,ANTI_ICE_ON,,,,
KEY_ANTI_ICE_OFF,ANTI_ICE_OFF,,,,
KEY_ANTI_ICE_SET,ANTI_ICE_SET,,,,
KEY_ANTI_ICE_TOGGLE,ANTI_ICE_TOGGLE,,,,
KEY_ANTI_ICE_TOGGLE_ENG1,ANTI_ICE_TOGGLE_ENG1,,,,
KEY_ANTI_ICE_TOGGLE_ENG2,ANTI_ICE_TOGGLE_ENG2,,,,
KEY_ANTI_ICE_TOGGLE_ENG3,ANTI_ICE_TOGGLE_ENG3,,,,
KEY_ANTI_ICE_TOGGLE_ENG4,ANTI_ICE_TOGGLE_ENG4,,,,
KEY_ANTI_ICE_SET_ENG1,ANTI_ICE_SET_ENG1,,,,
KEY_ANTI_ICE_SET_ENG2,ANTI_ICE_SET_ENG2,,,,
KEY_ANTI_ICE_SET_ENG3,ANTI_ICE_SET_ENG3,,,,
KEY_ANTI_ICE_SET_ENG4,ANTI_ICE_SET_ENG4,,,,
KEY_TOGGLE_FUEL_VALVE_ALL,TOGGLE_FUEL_VALVE_ALL,,,,
KEY_TOGGLE_FUEL_VALVE_ENG1,TOGGLE_FUEL_VALVE_ENG1,,,,
KEY_TOGGLE_FUEL_VALVE_ENG2,TOGGLE_FUEL_VALVE_ENG2,,,,
KEY_TOGGLE_FUEL_VALVE_ENG3,TOGGLE_FUEL_VALVE_ENG3,,,,
KEY_TOGGLE_FUEL_VALVE_ENG4,TOGGLE_FUEL_VALVE_ENG4,,,,
KEY_COWLFLAP1_SET,COWLFLAP1_SET,,,,
KEY_COWLFLAP2_SET,COWLFLAP2_SET,,,,
KEY_COWLFLAP3_SET,COWLFLAP3_SET,,,,
KEY_COWLFLAP4_SET,COWLFLAP4_SET,,,,
KEY_INC_COWL_FLAPS,INC_COWL_FLAPS,,,,
KEY_DEC_COWL_FLAPS,DEC_COWL_FLAPS,,,,
KEY_INC_COWL_FLAPS1,INC_COWL_FLAPS1,,,,
KEY_DEC_COWL_FLAPS1,DEC_COWL_FLAPS1,,,,
KEY_INC_COWL_FLAPS2,INC_COWL_FLAPS2,,,,
KEY_DEC_COWL_FLAPS2,DEC_COWL_FLAPS2,,,,
KEY_INC_COWL_FLAPS3,INC_COWL_FLAPS3,,,,
KEY_DEC_COWL_FLAPS3,DEC_COWL_FLAPS3,,,,
KEY_INC_COWL_FLAPS4,INC_COWL_FLAPS4,,,,
KEY_DEC_COWL_FLAPS4,DEC_COWL_FLAPS4,,,,
KEY_FUEL_PUMP,FUEL_PUMP,,,,
KEY_TOGGLE_ELECT_FUEL_PUMP,TOGGLE_ELECT_FUEL_PUMP,,,,
KEY_TOGGLE_ELECT_FUEL_PUMP1,TOGGLE_ELECT_FUEL_PUMP1,,,,
KEY_TOGGLE_ELECT_FUEL_PUMP2,TOGGLE_ELECT_FUEL_PUMP2,,,,
KEY_TOGGLE_ELECT_FUEL_PUMP3,TOGGLE_ELECT_FUEL_PUMP3,,,,
KEY_TOGGLE_ELECT_FUEL_PUMP4,TOGGLE_ELECT_FUEL_PUMP4,,,,
KEY_ENGINE_PRIMER,ENGINE_PRIMER,,,,
KEY_TOGGLE_PRIMER,TOGGLE_PRIMER,,,,
KEY_TOGGLE_PRIMER1,TOGGLE_PRIMER1,,,,
KEY_TOGGLE_PRIMER2,TOGGLE_PRIMER2,,,,
KEY_TOGGLE_PRIMER3,TOGGLE_PRIMER3,,,,
KEY_TOGGLE_PRIMER4,TOGGLE_PRIMER4,,,,
KEY_TOGGLE_FEATHER_SWITCHES,TOGGLE_FEATHER_SWITCHES,,,,
KEY_TOGGLE_FEATHER_SWITCH_1,TOGGLE_FEATHER_SWITCH_1,,,,
KEY_TOGGLE_FEATHER_SWITCH_2,TOGGLE_FEATHER_SWITCH_2,,,,
KEY_TOGGLE_FEATHER_SWITCH_3,TOGGLE_FEATHER_SWITCH_3,,,,
KEY_TOGGLE_FEATHER_SWITCH_4,TOGGLE_FEATHER_SWITCH_4,,,,
KEY_TOGGLE_PROP_SYNC,TOGGLE_PROPELLER_SYNC,,,,
KEY_TOGGLE_ARM_AUTOFEATHER,TOGGLE_AUTOFEATHER_ARM,,,,
KEY_TOGGLE_AFTERBURNER,TOGGLE_AFTERBURNER,,,,
KEY_TOGGLE_AFTERBURNER1,TOGGLE_AFTERBURNER1,,,,
KEY_TOGGLE_AFTERBURNER2,TOGGLE_AFTERBURNER2,,,,
KEY_TOGGLE_AFTERBURNER3,TOGGLE_AFTERBURNER3,,,,
KEY_TOGGLE_AFTERBURNER4,TOGGLE_AFTERBURNER4,,,,
KEY_ENGINE,ENGINE,,,,
KEY_SPOILERS_TOGGLE,SPOILERS_TOGGLE,,,,
KEY_FLAPS_UP,FLAPS_UP,,,,
KEY_FLAPS_1,FLAPS_1,,,,
KEY_FLAPS_2,FLAPS_2,,,,
KEY_FLAPS_3,FLAPS_3,,,,
KEY_FLAPS_DOWN,FLAPS_DOWN,,,,
KEY_ELEV_TRIM_DN,ELEV_TRIM_DN,,,,
KEY_ELEV_DOWN,ELEV_DOWN,,,,
KEY_AILERONS_LEFT,AILERONS_LEFT,,,,
KEY_CENTER_AILER_RUDDER,CENTER_AILER_RUDDER,,,,
KEY_AILERONS_RIGHT,AILERONS_RIGHT,,,,
KEY_ELEV_TRIM_UP,ELEV_TRIM_UP,,,,
KEY_ELEV_UP,ELEV_UP,,,,
KEY_ELEVATOR_DOWN,,,,,
KEY_ELEVATOR_UP,,,,,
KEY_AILERON_LEFT,,,,,
KEY_AILERON_CENTER,,,,,
KEY_AILERON_RIGHT,,,,,
KEY_RUDDER_LEFT,RUDDER_LEFT,,,,
KEY_RUDDER_CENTER,RUDDER_CENTER,,,,
KEY_RUDDER_RIGHT,RUDDER_RIGHT,,,,
KEY_ELEVATOR_SET,ELEVATOR_SET,,,,
KEY_AILERON_SET,AILERON_SET,,,,
KEY_RUDDER_SET,RUDDER_SET,,,,
KEY_FLAPS_INCR,FLAPS_INCR,,,,
KEY_FLAPS_DECR,FLAPS_DECR,,,,
KEY_AXIS_ELEVATOR_SET,AXIS_ELEVATOR_SET,,,,
KEY_AXIS_AILERONS_SET,AXIS_AILERONS_SET,,,,
KEY_AXIS_RUDDER_SET,AXIS_RUDDER_SET,,,,
KEY_AXIS_ELEV_TRIM_SET,AXIS_ELEV_TRIM_SET,,,,
KEY_SPOILERS_SET,SPOILERS_SET,,,,
KEY_SPOILERS_ARM_TOGGLE,SPOILERS_ARM_TOGGLE,,,,
KEY_SPOILERS_ON,SPOILERS_ON,,,,
KEY_SPOILERS_OFF,SPOILERS_OFF,,,,
KEY_SPOILERS_ARM_ON,SPOILERS_ARM_ON,,,,
KEY_SPOILERS_ARM_OFF,SPOILERS_ARM_OFF,,,,
KEY_SPOILERS_ARM_SET,SPOILERS_ARM_SET,,,,
KEY_AILERON_TRIM_LEFT,AILERON_TRIM_LEFT,,,,
KEY_AILERON_TRIM_RIGHT,AILERON_TRIM_RIGHT,,,,
KEY_RUDDER_TRIM_LEFT,RUDDER_TRIM_LEFT,,,,
KEY_RUDDER_TRIM_RIGHT,RUDDER_TRIM_RIGHT,,,,
KEY_AXIS_SPOILER_SET,AXIS_SPOILER_SET,,,,
KEY_FLAPS_SET,FLAPS_SET,,,,
KEY_ELEVATOR_TRIM_SET,ELEVATOR_TRIM_SET,,,,
KEY_AXIS_FLAPS_SET,AXIS_FLAPS_SET,,,,
KEY_AP_MASTER,AP_MASTER,,,,
KEY_AUTOPILOT_OFF,AUTOPILOT_OFF,,,,
KEY_AUTOPILOT_ON,AUTOPILOT_ON,,,,
KEY_YAW_DAMPER_TOGGLE,YAW_DAMPER_TOGGLE,,,,
KEY_AP_PANEL_HEADING_HOLD,AP_PANEL_HEADING_HOLD,,,,
KEY_AP_PANEL_ALTITUDE_HOLD,AP_PANEL_ALTITUDE_HOLD,,,,
KEY_AP_ATT_HOLD_ON,AP_ATT_HOLD_ON,,,,
KEY_AP_LOC_HOLD_ON,AP_LOC_HOLD_ON,,,,
KEY_AP_APR_HOLD_ON,AP_APR_HOLD_ON,,,,
KEY_AP_HDG_HOLD_ON,AP_HDG_HOLD_ON,,,,
KEY_AP_ALT_HOLD_ON,AP_ALT_HOLD_ON,,,,
KEY_AP_WING_LEVELER_ON,AP_WING_LEVELER_ON,,,,
KEY_AP_BC_HOLD_ON,AP_BC_HOLD_ON,,,,
KEY_AP_NAV1_HOLD_ON,AP_NAV1_HOLD_ON,,,,
KEY_AP_ATT_HOLD_OFF,AP_ATT_HOLD_OFF,,,,
KEY_AP_LOC_HOLD_OFF,AP_LOC_HOLD_OFF,,,,
KEY_AP_APR_HOLD_OFF,AP_APR_HOLD_OFF,,,,
KEY_AP_HDG_HOLD_OFF,AP_HDG_HOLD_OFF,,,,
KEY_AP_ALT_HOLD_OFF,AP_ALT_HOLD_OFF,,,,
KEY_AP_WING_LEVELER_OFF,AP_WING_LEVELER_OFF,,,,
KEY_AP_BC_HOLD_OFF,AP_BC_HOLD_OFF,,,,
KEY_AP_NAV1_HOLD_OFF,AP_NAV1_HOLD_OFF,,,,
KEY_AP_AIRSPEED_HOLD,AP_AIRSPEED_HOLD,,,,
KEY_AUTO_THROTTLE_ARM,AUTO_THROTTLE_ARM,,,,
KEY_AUTO_THROTTLE_TO_GA,AUTO_THROTTLE_TO_GA,,,,
KEY_HEADING_BUG_INC,HEADING_BUG_INC,,,,
KEY_HEADING_BUG_DEC,HEADING_BUG_DEC,,,,
KEY_HEADING_BUG_SET,HEADING_BUG_SET,,,,
KEY_AP_PANEL_SPEED_HOLD,AP_PANEL_SPEED_HOLD,,,,
KEY_AP_ALT_VAR_INC,AP_ALT_VAR_INC,,,,
KEY_AP_ALT_VAR_DEC,AP_ALT_VAR_DEC,,,,
KEY_AP_VS_VAR_INC,AP_VS_VAR_INC,,,,
KEY_AP_VS_VAR_DEC,AP_VS_VAR_DEC,,,,
KEY_AP_SPD_VAR_INC,AP_SPD_VAR_INC,,,,
KEY_AP_SPD_VAR_DEC,AP_SPD_VAR_DEC,,,,
KEY_AP_PANEL_MACH_HOLD,AP_PANEL_MACH_HOLD,,,,
KEY_AP_MACH_VAR_INC,AP_MACH_VAR_INC,,,,
KEY_AP_MACH_VAR_DEC,AP_MACH_VAR_DEC,,,,
KEY_AP_MACH_HOLD,AP_MACH_HOLD,,,,
KEY_AP_ALT_VAR_SET_METRIC,AP_ALT_VAR_SET_METRIC,,,,
KEY_AP_VS_VAR_SET_ENGLISH,AP_VS_VAR_SET_ENGLISH,,,,
KEY_AP_SPD_VAR_SET,AP_SPD_VAR_SET,,,,
KEY_AP_MACH_VAR_SET,AP_MACH_VAR_SET,,,,
KEY_YAW_DAMPER_ON,YAW_DAMPER_ON,,,,
KEY_YAW_DAMPER_OFF,YAW_DAMPER_OFF,,,,
KEY_YAW_DAMPER_SET,YAW_DAMPER_SET,,,,
KEY_AP_AIRSPEED_ON,AP_AIRSPEED_ON,,,,
KEY_AP_AIRSPEED_OFF,AP_AIRSPEED_OFF,,,,
KEY_AP_AIRSPEED_SET,AP_AIRSPEED_SET,,,,
KEY_AP_MACH_ON,AP_MACH_ON,,,,
KEY_AP_MACH_OFF,AP_MACH_OFF,,,,
KEY_AP_MACH_SET,AP_MACH_SET,,,,
KEY_AP_PANEL_ALTITUDE_ON,AP_PANEL_ALTITUDE_ON,,,,
KEY_AP_PANEL_ALTITUDE_OFF,AP_PANEL_ALTITUDE_OFF,,,,
KEY_AP_PANEL_ALTITUDE_SET,AP_PANEL_ALTITUDE_SET,,,,
KEY_AP_PANEL_HEADING_ON,AP_PANEL_HEADING_ON,,,,
KEY_AP_PANEL_HEADING_OFF,AP_PANEL_HEADING_OFF,,,,
KEY_AP_PANEL_HEADING_SET,AP_PANEL_HEADING_SET,,,,
KEY_AP_PANEL_MACH_ON,AP_PANEL_MACH_ON,,,,
KEY_AP_PANEL_MACH_OFF,AP_PANEL_MACH_OFF,,,,
KEY_AP_PANEL_MACH_SET,AP_PANEL_MACH_SET,,,,
KEY_AP_PANEL_SPEED_ON,AP_PANEL_SPEED_ON,,,,
KEY_AP_PANEL_SPEED_OFF,AP_PANEL_SPEED_OFF,,,,
KEY_AP_PANEL_SPEED_SET,AP_PANEL_SPEED_SET,,,,
KEY_AP_ALT_VAR_SET_ENGLISH,AP_ALT_VAR_SET_ENGLISH,,,,
KEY_AP_VS_VAR_SET_METRIC,AP_VS_VAR_SET_METRIC,,,,
KEY_TOGGLE_FLIGHT_DIRECTOR,TOGGLE_FLIGHT_DIRECTOR,,,,
KEY_SYNC_FLIGHT_DIRECTOR_PITCH,SYNC_FLIGHT_DIRECTOR_PITCH,,,,
KEY_INC_AUTOBRAKE_CONTROL,INCREASE_AUTOBRAKE_CONTROL,,,,
KEY_DEC_AUTOBRAKE_CONTROL,DECREASE_AUTOBRAKE_CONTROL,,,,
KEY_AUTOPILOT_AIRSPEED_HOLD_CURRENT,AP_PANEL_SPEED_HOLD_TOGGLE,,,,
KEY_AUTOPILOT_PANEL_AIRSPEED_SET,,,,,
KEY_AUTOPILOT_MACH_HOLD_CURRENT,AP_PANEL_MACH_HOLD_TOGGLE,,,,
KEY_AP_NAV_SELECT_SET,AP_NAV_SELECT_SET,,,,
KEY_HEADING_BUG_SELECT,HEADING_BUG_SELECT,,,,
KEY_ALTITUDE_BUG_SELECT,ALTITUDE_BUG_SELECT,,,,
KEY_VSI_BUG_SELECT,VSI_BUG_SELECT,,,,
KEY_AIRSPEED_BUG_SELECT,AIRSPEED_BUG_SELECT,,,,
KEY_AP_PITCH_REF_INC_UP,AP_PITCH_REF_INC_UP,,,,
KEY_AP_PITCH_REF_INC_DN,AP_PITCH_REF_INC_DN,,,,
KEY_AP_PITCH_REF_SELECT,AP_PITCH_REF_SELECT,,,,
KEY_AP_ATT_HOLD,AP_ATT_HOLD,,,,
KEY_AP_LOC_HOLD,AP_LOC_HOLD,,,,
KEY_AP_APR_HOLD,AP_APR_HOLD,,,,
KEY_AP_HDG_HOLD,AP_HDG_HOLD,,,,
KEY_AP_ALT_HOLD,AP_ALT_HOLD,,,,
KEY_AP_WING_LEVELER,AP_WING_LEVELER,,,,
KEY_AP_BC_HOLD,AP_BC_HOLD,,,,
KEY_AP_NAV1_HOLD,AP_NAV1_HOLD,,,,
KEY_FUEL_SELECTOR_OFF,FUEL_SELECTOR_OFF,,,,
KEY_FUEL_SELECTOR_ALL,FUEL_SELECTOR_ALL,,,,
KEY_FUEL_SELECTOR_LEFT,FUEL_SELECTOR_LEFT,,,,
KEY_FUEL_SELECTOR_RIGHT,FUEL_SELECTOR_RIGHT,,,,
KEY_FUEL_SELECTOR_LEFT_AUX,FUEL_SELECTOR_LEFT_AUX,,,,
KEY_FUEL_SELECTOR_RIGHT_AUX,FUEL_SELECTOR_RIGHT_AUX,,,,
KEY_FUEL_SELECTOR_CENTER,FUEL_SELECTOR_CENTER,,,,
KEY_FUEL_SELECTOR_SET,FUEL_SELECTOR_SET,,,,
KEY_FUEL_SELECTOR_2_OFF,FUEL_SELECTOR_2_OFF,,,,
KEY_FUEL_SELECTOR_2_ALL,FUEL_SELECTOR_2_ALL,,,,
KEY_FUEL_SELECTOR_2_LEFT,FUEL_SELECTOR_2_LEFT,,,,
KEY_FUEL_SELECTOR_2_RIGHT,FUEL_SELECTOR_2_RIGHT,,,,
KEY_FUEL_SELECTOR_2_LEFT_AUX,FUEL_SELECTOR_2_LEFT_AUX,,,,
KEY_FUEL_SELECTOR_2_RIGHT_AUX,FUEL_SELECTOR_2_RIGHT_AUX,,,,
KEY_FUEL_SELECTOR_2_CENTER,FUEL_SELECTOR_2_CENTER,,,,
KEY_FUEL_SELECTOR_2_SET,FUEL_SELECTOR_2_SET,,,,
KEY_FUEL_SELECTOR_3_OFF,FUEL_SELECTOR_3_OFF,,,,
KEY_FUEL_SELECTOR_3_ALL,FUEL_SELECTOR_3_ALL,,,,
KEY_FUEL_SELECTOR_3_LEFT,FUEL_SELECTOR_3_LEFT,,,,
KEY_FUEL_SELECTOR_3_RIGHT,FUEL_SELECTOR_3_RIGHT,,,,
KEY_FUEL_SELECTOR_3_LEFT_AUX,FUEL_SELECTOR_3_LEFT_AUX,,,,
KEY_FUEL_SELECTOR_3_RIGHT_AUX,FUEL_SELECTOR_3_RIGHT_AUX,,,,
KEY_FUEL_SELECTOR_3_CENTER,FUEL_SELECTOR_3_CENTER,,,,
KEY_FUEL_SELECTOR_3_SET,FUEL_SELECTOR_3_SET,,,,
KEY_FUEL_SELECTOR_4_OFF,FUEL_SELECTOR_4_OFF,,,,
KEY_FUEL_SELECTOR_4_ALL,FUEL_SELECTOR_4_ALL,,,,
KEY_FUEL_SELECTOR_4_LEFT,FUEL_SELECTOR_4_LEFT,,,,
KEY_FUEL_SELECTOR_4_RIGHT,FUEL_SELECTOR_4_RIGHT,,,,
KEY_FUEL_SELECTOR_4_LEFT_AUX,FUEL_SELECTOR_4_LEFT_AUX,,,,
KEY_FUEL_SELECTOR_4_RIGHT_AUX,FUEL_SELECTOR_4_RIGHT_AUX,,,,
KEY_FUEL_SELECTOR_4_CENTER,FUEL_SELECTOR_4_CENTER,,,,
KEY_FUEL_SELECTOR_4_SET,FUEL_SELECTOR_4_SET,,,,
KEY_CROSS_FEED_OPEN,CROSS_FEED_OPEN,,,,
KEY_CROSS_FEED_TOGGLE,CROSS_FEED_TOGGLE,,,,
KEY_CROSS_FEED_OFF,CROSS_FEED_OFF,,,,
KEY_XPNDR,XPNDR,,,,
KEY_ADF,ADF,,,,
KEY_DME,DME,,,,
KEY_COM_RADIO,COM_RADIO,,,,
KEY_VOR_OBS,VOR_OBS,,,,
KEY_NAV_RADIO,NAV_RADIO,,,,
KEY_COM_RADIO_WHOLE_DEC,COM_RADIO_WHOLE_DEC,,,,
KEY_COM_RADIO_WHOLE_INC,COM_RADIO_WHOLE_INC,,,,
KEY_COM_RADIO_FRACT_DEC,COM_RADIO_FRACT_DEC,,,,
KEY_COM_RADIO_FRACT_INC,COM_RADIO_FRACT_INC,,,,
KEY_NAV1_RADIO_WHOLE_DEC,NAV1_RADIO_WHOLE_DEC,,,,
KEY_NAV1_RADIO_WHOLE_INC,NAV1_RADIO_WHOLE_INC,,,,
KEY_NAV1_RADIO_FRACT_DEC,NAV1_RADIO_FRACT_DEC,,,,
KEY_NAV1_RADIO_FRACT_INC,NAV1_RADIO_FRACT_INC,,,,
KEY_NAV2_RADIO_WHOLE_DEC,NAV2_RADIO_WHOLE_DEC,,,,
KEY_NAV2_RADIO_WHOLE_INC,NAV2_RADIO_WHOLE_INC,,,,
KEY_NAV2_RADIO_FRACT_DEC,NAV2_RADIO_FRACT_DEC,,,,
KEY_NAV2_RADIO_FRACT_INC,NAV2_RADIO_FRACT_INC,,,,
KEY_ADF_100_INC,ADF_100_INC,,,,
KEY_ADF_10_INC,ADF_10_INC,,,,
KEY_ADF_1_INC,ADF_1_INC,,,,
KEY_XPNDR_1000_INC,XPNDR_1000_INC,,,,
KEY_XPNDR_100_INC,XPNDR_100_INC,,,,
KEY_XPNDR_10_INC,XPNDR_10_INC,,,,
KEY_XPNDR_1_INC,XPNDR_1_INC,,,,
KEY_VOR1_OBI_DEC,VOR1_OBI_DEC,,,,
KEY_VOR1_OBI_INC,VOR1_OBI_INC,,,,
KEY_VOR2_OBI_DEC,VOR2_OBI_DEC,,,,
KEY_VOR2_OBI_INC,VOR2_OBI_INC,,,,
KEY_ADF_100_DEC,ADF_100_DEC,,,,
KEY_ADF_10_DEC,ADF_10_DEC,,,,
KEY_ADF_1_DEC,ADF_1_DEC,,,,
KEY_COM_RADIO_SET,COM_RADIO_SET,,,,
KEY_NAV1_RADIO_SET,NAV1_RADIO_SET,,,,
KEY_NAV2_RADIO_SET,NAV2_RADIO_SET,,,,
KEY_ADF_SET,ADF_SET,,,,
KEY_XPNDR_SET,XPNDR_SET,,,,
KEY_VOR1_SET,VOR1_SET,,,,
KEY_VOR2_SET,VOR2_SET,,,,
KEY_DME1_TOGGLE,DME1_TOGGLE,,,,
KEY_DME2_TOGGLE,DME2_TOGGLE,,,,
KEY_RADIO_VOR1_IDENT_DISABLE,RADIO_VOR1_IDENT_DISABLE,,,,
KEY_RADIO_VOR2_IDENT_DISABLE,RADIO_VOR2_IDENT_DISABLE,,,,
KEY_RADIO_DME1_IDENT_DISABLE,RADIO_DME1_IDENT_DISABLE,,,,
KEY_RADIO_DME2_IDENT_DISABLE,RADIO_DME2_IDENT_DISABLE,,,,
KEY_RADIO_ADF_IDENT_DISABLE,RADIO_ADF_IDENT_DISABLE,,,,
KEY_RADIO_VOR1_IDENT_ENABLE,RADIO_VOR1_IDENT_ENABLE,,,,
KEY_RADIO_VOR2_IDENT_ENABLE,RADIO_VOR2_IDENT_ENABLE,,,,
KEY_RADIO_DME1_IDENT_ENABLE,RADIO_DME1_IDENT_ENABLE,,,,
KEY_RADIO_DME2_IDENT_ENABLE,RADIO_DME2_IDENT_ENABLE,,,,
KEY_RADIO_ADF_IDENT_ENABLE,RADIO_ADF_IDENT_ENABLE,,,,
KEY_RADIO_VOR1_IDENT_TOGGLE,RADIO_VOR1_IDENT_TOGGLE,,,,
KEY_RADIO_VOR2_IDENT_TOGGLE,RADIO_VOR2_IDENT_TOGGLE,,,,
KEY_RADIO_DME1_IDENT_TOGGLE,RADIO_DME1_IDENT_TOGGLE,,,,
KEY_RADIO_DME2_IDENT_TOGGLE,RADIO_DME2_IDENT_TOGGLE,,,,
KEY_RADIO_ADF_IDENT_TOGGLE,RADIO_ADF_IDENT_TOGGLE,,,,
KEY_RADIO_VOR1_IDENT_SET,RADIO_VOR1_IDENT_SET,,,,
KEY_RADIO_VOR2_IDENT_SET,RADIO_VOR2_IDENT_SET,,,,
KEY_RADIO_DME1_IDENT_SET,RADIO_DME1_IDENT_SET,,,,
KEY_RADIO_DME2_IDENT_SET,RADIO_DME2_IDENT_SET,,,,
KEY_RADIO_ADF_IDENT_SET,RADIO_ADF_IDENT_SET,,,,
KEY_ADF_CARD_INC,ADF_CARD_INC,,,,
KEY_ADF_CARD_DEC,ADF_CARD_DEC,,,,
KEY_ADF_CARD_SET,ADF_CARD_SET,,,,
KEY_DME_TOGGLE,TOGGLE_DME,,,,
KEY_AVIONICS_MASTER_SET,AVIONICS_MASTER_SET,,,,
KEY_TOGGLE_AVIONICS_MASTER,TOGGLE_AVIONICS_MASTER,,,,
KEY_COM_STBY_RADIO_SET,COM_STBY_RADIO_SET,,,,
"KEY_COM_STBY_RADIO_SWITCH_TO, or",COM_STBY_RADIO_SWAP,,,,
KEY_COM_RADIO_SWAP,,,,,
KEY_COM_RADIO_FRACT_DEC_CARRY,COM_RADIO_FRACT_DEC_CARRY,,,,
KEY_COM_RADIO_FRACT_INC_CARRY,COM_RADIO_FRACT_INC_CARRY,,,,
KEY_COM2_RADIO_WHOLE_DEC,COM2_RADIO_WHOLE_DEC,,,,
KEY_COM2_RADIO_WHOLE_INC,COM2_RADIO_WHOLE_INC,,,,
KEY_COM2_RADIO_FRACT_DEC,COM2_RADIO_FRACT_DEC,,,,
KEY_COM2_RADIO_FRACT_DEC_CARRY,COM2_RADIO_FRACT_DEC_CARRY,,,,
KEY_COM2_RADIO_FRACT_INC,COM2_RADIO_FRACT_INC,,,,
KEY_COM2_RADIO_FRACT_INC_CARRY,COM2_RADIO_FRACT_INC_CARRY,,,,
KEY_COM2_RADIO_SET,COM2_RADIO_SET,,,,
KEY_COM2_STBY_RADIO_SET,COM2_STBY_RADIO_SET,,,,
KEY_COM2_RADIO_SWAP,COM2_RADIO_SWAP,,,,
KEY_NAV1_RADIO_FRACT_DEC_CARRY,NAV1_RADIO_FRACT_DEC_CARRY,,,,
KEY_NAV1_RADIO_FRACT_INC_CARRY,NAV1_RADIO_FRACT_INC_CARRY,,,,
KEY_NAV1_STBY_SET,NAV1_STBY_SET,,,,
KEY_NAV1_RADIO_SWAP,NAV1_RADIO_SWAP,,,,
KEY_NAV2_RADIO_FRACT_DEC_CARRY,NAV2_RADIO_FRACT_DEC_CARRY,,,,
KEY_NAV2_RADIO_FRACT_INC_CARRY,NAV2_RADIO_FRACT_INC_CARRY,,,,
KEY_NAV2_STBY_SET,NAV2_STBY_SET,,,,
KEY_NAV2_RADIO_SWAP,NAV2_RADIO_SWAP,,,,
KEY_ADF1_RADIO_TENTHS_DEC,ADF1_RADIO_TENTHS_DEC,,,,
KEY_ADF1_RADIO_TENTHS_INC,ADF1_RADIO_TENTHS_INC,,,,
KEY_XPNDR_1000_DEC,XPNDR_1000_DEC,,,,
KEY_XPNDR_100_DEC,XPNDR_100_DEC,,,,
KEY_XPNDR_10_DEC,XPNDR_10_DEC,,,,
KEY_XPNDR_1_DEC,XPNDR_1_DEC,,,,
KEY_XPNDR_DEC_CARRY,XPNDR_DEC_CARRY,,,,
KEY_XPNDR_INC_CARRY,XPNDR_INC_CARRY,,,,
KEY_ADF_FRACT_DEC_CARRY,ADF_FRACT_DEC_CARRY,,,,
KEY_ADF_FRACT_INC_CARRY,ADF_FRACT_INC_CARRY,,,,
KEY_COM1_TRANSMIT_SELECT,COM1_TRANSMIT_SELECT,,,,
KEY_COM2_TRANSMIT_SELECT,COM2_TRANSMIT_SELECT,,,,
KEY_COM_RECEIVE_ALL_TOGGLE,COM_RECEIVE_ALL_TOGGLE,,,,
KEY_COM_RECEIVE_ALL_SET,COM_RECEIVE_ALL_SET,,,,
KEY_MARKER_SOUND_TOGGLE,MARKER_SOUND_TOGGLE,,,,
KEY_MARKER_SOUND_SET,,,,,
KEY_ADF_COMPLETE_SET,ADF_COMPLETE_SET,,,,
KEY_ADF_WHOLE_INC,ADF1_WHOLE_INC,,,,
KEY_ADF_WHOLE_DEC,ADF1_WHOLE_DEC,,,,
KEY_ADF2_100_INC,ADF2_100_INC,,,,
KEY_ADF2_10_INC,ADF2_10_INC,,,,
KEY_ADF2_1_INC,ADF2_1_INC,,,,
KEY_ADF2_RADIO_TENTHS_INC,ADF2_RADIO_TENTHS_INC,,,,
KEY_ADF2_100_DEC,ADF2_100_DEC,,,,
KEY_ADF2_10_DEC,ADF2_10_DEC,,,,
KEY_ADF2_1_DEC,ADF2_1_DEC,,,,
KEY_ADF2_RADIO_TENTHS_DEC,ADF2_RADIO_TENTHS_DEC,,,,
KEY_ADF2_WHOLE_INC,ADF2_WHOLE_INC,,,,
KEY_ADF2_WHOLE_DEC,ADF2_WHOLE_DEC,,,,
KEY_ADF2_FRACT_INC_CARRY,ADF2_FRACT_DEC_CARRY,,,,
KEY_ADF2_FRACT_DEC_CARRY,ADF2_FRACT_INC_CARRY,,,,
KEY_ADF2_COMPLETE_SET,ADF2_COMPLETE_SET,,,,
KEY_RADIO_ADF2_IDENT_DISABLE,RADIO_ADF2_IDENT_DISABLE,,,,
KEY_RADIO_ADF2_IDENT_ENABLE,RADIO_ADF2_IDENT_ENABLE,,,,
KEY_RADIO_ADF2_IDENT_TOGGLE,RADIO_ADF2_IDENT_TOGGLE,,,,
KEY_RADIO_ADF2_IDENT_SET,RADIO_ADF2_IDENT_SET,,,,
KEY_FREQUENCY_SWAP,FREQUENCY_SWAP,,,,
KEY_TOGGLE_GPS_DRIVES_NAV1,TOGGLE_GPS_DRIVES_NAV1,,,,
KEY_GPS_POWER_BUTTON,GPS_POWER_BUTTON,,,,
KEY_GPS_NEAREST_BUTTON,GPS_NEAREST_BUTTON,,,,
KEY_GPS_OBS_BUTTON,GPS_OBS_BUTTON,,,,
KEY_GPS_MSG_BUTTON,GPS_MSG_BUTTON,,,,
KEY_GPS_MSG_BUTTON_DOWN,GPS_MSG_BUTTON_DOWN,,,,
KEY_GPS_MSG_BUTTON_UP,GPS_MSG_BUTTON_UP,,,,
KEY_GPS_FLIGHTPLAN_BUTTON,GPS_FLIGHTPLAN_BUTTON,,,,
KEY_GPS_TERRAIN_BUTTON,GPS_TERRAIN_BUTTON,,,,
KEY_GPS_PROCEDURE_BUTTON,GPS_PROCEDURE_BUTTON,,,,
KEY_GPS_ZOOMIN_BUTTON,GPS_ZOOMIN_BUTTON,,,,
KEY_GPS_ZOOMOUT_BUTTON,GPS_ZOOMOUT_BUTTON,,,,
KEY_GPS_DIRECTTO_BUTTON,GPS_DIRECTTO_BUTTON,,,,
KEY_GPS_MENU_BUTTON,GPS_MENU_BUTTON,,,,
KEY_GPS_CLEAR_BUTTON,GPS_CLEAR_BUTTON,,,,
KEY_GPS_CLEAR_ALL_BUTTON,GPS_CLEAR_ALL_BUTTON,,,,
KEY_GPS_CLEAR_BUTTON_DOWN,GPS_CLEAR_BUTTON_DOWN,,,,
KEY_GPS_CLEAR_BUTTON_UP,GPS_CLEAR_BUTTON_UP,,,,
KEY_GPS_ENTER_BUTTON,GPS_ENTER_BUTTON,,,,
KEY_GPS_CURSOR_BUTTON,GPS_CURSOR_BUTTON,,,,
KEY_GPS_GROUP_KNOB_INC,GPS_GROUP_KNOB_INC,,,,
KEY_GPS_GROUP_KNOB_DEC,GPS_GROUP_KNOB_DEC,,,,
KEY_GPS_PAGE_KNOB_INC,GPS_PAGE_KNOB_INC,,,,
KEY_GPS_PAGE_KNOB_DEC,GPS_PAGE_KNOB_DEC,,,,
KEY_EGT,EGT,,,,
KEY_EGT_INC,EGT_INC,,,,
KEY_EGT_DEC,EGT_DEC,,,,
KEY_EGT_SET,EGT_SET,,,,
KEY_BAROMETRIC,BAROMETRIC,,,,
KEY_GYRO_DRIFT_INC,GYRO_DRIFT_INC,,,,
KEY_GYRO_DRIFT_DEC,GYRO_DRIFT_DEC,,,,
KEY_KOHLSMAN_INC,KOHLSMAN_INC,,,,
KEY_KOHLSMAN_DEC,KOHLSMAN_DEC,,,,
KEY_KOHLSMAN_SET,KOHLSMAN_SET,,,,
KEY_TRUE_AIRSPEED_CALIBRATE_INC,TRUE_AIRSPEED_CAL_INC,,,,
KEY_TRUE_AIRSPEED_CALIBRATE_DEC,TRUE_AIRSPEED_CAL_DEC,,,,
KEY_TRUE_AIRSPEED_CAL_SET,TRUE_AIRSPEED_CAL_SET,,,,
KEY_EGT1_INC,EGT1_INC,,,,
KEY_EGT1_DEC,EGT1_DEC,,,,
KEY_EGT1_SET,EGT1_SET,,,,
KEY_EGT2_INC,EGT2_INC,,,,
KEY_EGT2_DEC,EGT2_DEC,,,,
KEY_EGT2_SET,EGT2_SET,,,,
KEY_EGT3_INC,EGT3_INC,,,,
KEY_EGT3_DEC,EGT3_DEC,,,,
KEY_EGT3_SET,EGT3_SET,,,,
KEY_EGT4_INC,EGT4_INC,,,,
KEY_EGT4_DEC,EGT4_DEC,,,,
KEY_EGT4_SET,EGT4_SET,,,,
KEY_ATTITUDE_BARS_POSITION_INC,ATTITUDE_BARS_POSITION_UP,,,,
KEY_ATTITUDE_BARS_POSITION_DEC,ATTITUDE_BARS_POSITION_DOWN,,,,
KEY_TOGGLE_ATTITUDE_CAGE,ATTITUDE_CAGE_BUTTON,,,,
KEY_RESET_G_FORCE_INDICATOR,RESET_G_FORCE_INDICATOR,,,,
KEY_RESET_MAX_RPM_INDICATOR,RESET_MAX_RPM_INDICATOR,,,,
KEY_HEADING_GYRO_SET,HEADING_GYRO_SET,,,,
KEY_GYRO_DRIFT_SET,GYRO_DRIFT_SET,,,,
KEY_STROBES_TOGGLE,STROBES_TOGGLE,,,,
KEY_ALL_LIGHTS_TOGGLE,ALL_LIGHTS_TOGGLE,,,,
KEY_PANEL_LIGHTS_TOGGLE,PANEL_LIGHTS_TOGGLE,,,,
KEY_LANDING_LIGHTS_TOGGLE,LANDING_LIGHTS_TOGGLE,,,,
KEY_LANDING_LIGHT_UP,LANDING_LIGHT_UP,,,,
KEY_LANDING_LIGHT_DOWN,LANDING_LIGHT_DOWN,,,,
KEY_LANDING_LIGHT_LEFT,LANDING_LIGHT_LEFT,,,,
KEY_LANDING_LIGHT_RIGHT,LANDING_LIGHT_RIGHT,,,,
KEY_LANDING_LIGHT_HOME,LANDING_LIGHT_HOME,,,,
KEY_STROBES_ON,STROBES_ON,,,,
KEY_STROBES_OFF,STROBES_OFF,,,,
KEY_STROBES_SET,STROBES_SET,,,,
KEY_PANEL_LIGHTS_ON,PANEL_LIGHTS_ON,,,,
KEY_PANEL_LIGHTS_OFF,PANEL_LIGHTS_OFF,,,,
KEY_PANEL_LIGHTS_SET,PANEL_LIGHTS_SET,,,,
KEY_LANDING_LIGHTS_ON,LANDING_LIGHTS_ON,,,,
KEY_LANDING_LIGHTS_OFF,LANDING_LIGHTS_OFF,,,,
KEY_LANDING_LIGHTS_SET,LANDING_LIGHTS_SET,,,,
KEY_TOGGLE_BEACON_LIGHTS,TOGGLE_BEACON_LIGHTS,,,,
KEY_TOGGLE_TAXI_LIGHTS,TOGGLE_TAXI_LIGHTS,,,,
KEY_TOGGLE_LOGO_LIGHTS,TOGGLE_LOGO_LIGHTS,,,,
KEY_TOGGLE_RECOGNITION_LIGHTS,TOGGLE_RECOGNITION_LIGHTS,,,,
KEY_TOGGLE_WING_LIGHTS,TOGGLE_WING_LIGHTS,,,,
KEY_TOGGLE_NAV_LIGHTS,TOGGLE_NAV_LIGHTS,,,,
KEY_TOGGLE_CABIN_LIGHTS,TOGGLE_CABIN_LIGHTS,,,,
KEY_TOGGLE_VACUUM_FAILURE,TOGGLE_VACUUM_FAILURE,,,,
KEY_TOGGLE_ELECTRICAL_FAILURE,TOGGLE_ELECTRICAL_FAILURE,,,,
KEY_TOGGLE_PITOT_BLOCKAGE,TOGGLE_PITOT_BLOCKAGE,,,,
KEY_TOGGLE_STATIC_PORT_BLOCKAGE,TOGGLE_STATIC_PORT_BLOCKAGE,,,,
KEY_TOGGLE_HYDRAULIC_FAILURE,TOGGLE_HYDRAULIC_FAILURE,,,,
KEY_TOGGLE_TOTAL_BRAKE_FAILURE,TOGGLE_TOTAL_BRAKE_FAILURE,,,,
KEY_TOGGLE_LEFT_BRAKE_FAILURE,TOGGLE_LEFT_BRAKE_FAILURE,,,,
KEY_TOGGLE_RIGHT_BRAKE_FAILURE,TOGGLE_RIGHT_BRAKE_FAILURE,,,,
KEY_TOGGLE_ENGINE1_FAILURE,TOGGLE_ENGINE1_FAILURE,,,,
KEY_TOGGLE_ENGINE2_FAILURE,TOGGLE_ENGINE2_FAILURE,,,,
KEY_TOGGLE_ENGINE3_FAILURE,TOGGLE_ENGINE3_FAILURE,,,,
KEY_TOGGLE_ENGINE4_FAILURE,TOGGLE_ENGINE4_FAILURE,,,,
KEY_SMOKE_TOGGLE,SMOKE_TOGGLE,,,,
KEY_GEAR_TOGGLE,GEAR_TOGGLE,,,,
KEY_BRAKES,BRAKES,,,,
KEY_GEAR_SET,GEAR_SET,,,,
KEY_BRAKES_LEFT,BRAKES_LEFT,,,,
KEY_BRAKES_RIGHT,BRAKES_RIGHT,,,,
KEY_PARKING_BRAKES,PARKING_BRAKES,,,,
KEY_GEAR_PUMP,GEAR_PUMP,,,,
KEY_PITOT_HEAT_TOGGLE,PITOT_HEAT_TOGGLE,,,,
KEY_SMOKE_ON,SMOKE_ON,,,,
KEY_SMOKE_OFF,SMOKE_OFF,,,,
KEY_SMOKE_SET,SMOKE_SET,,,,
KEY_PITOT_HEAT_ON,PITOT_HEAT_ON,,,,
KEY_PITOT_HEAT_OFF,PITOT_HEAT_OFF,,,,
KEY_PITOT_HEAT_SET,PITOT_HEAT_SET,,,,
KEY_GEAR_UP,GEAR_UP,,,,
KEY_GEAR_DOWN,GEAR_DOWN,,,,
KEY_TOGGLE_MASTER_BATTERY,TOGGLE_MASTER_BATTERY,,,,
KEY_TOGGLE_MASTER_ALTERNATOR,TOGGLE_MASTER_ALTERNATOR,,,,
KEY_TOGGLE_ELECTRIC_VACUUM_PUMP,TOGGLE_ELECTRIC_VACUUM_PUMP,,,,
KEY_TOGGLE_ALTERNATE_STATIC,TOGGLE_ALTERNATE_STATIC,,,,
KEY_DECISION_HEIGHT_DEC,DECREASE_DECISION_HEIGHT,,,,
KEY_DECISION_HEIGHT_INC,INCREASE_DECISION_HEIGHT,,,,
KEY_TOGGLE_STRUCTURAL_DEICE,TOGGLE_STRUCTURAL_DEICE,,,,
KEY_TOGGLE_PROPELLER_DEICE,TOGGLE_PROPELLER_DEICE,,,,
KEY_TOGGLE_ALTERNATOR1,TOGGLE_ALTERNATOR1,,,,
KEY_TOGGLE_ALTERNATOR2,TOGGLE_ALTERNATOR2,,,,
KEY_TOGGLE_ALTERNATOR3,TOGGLE_ALTERNATOR3,,,,
KEY_TOGGLE_ALTERNATOR4,TOGGLE_ALTERNATOR4,,,,
KEY_TOGGLE_MASTER_BATTERY_ALTERNATOR,TOGGLE_MASTER_BATTERY_ALTERNATOR,,,,
KEY_AXIS_LEFT_BRAKE_SET,AXIS_LEFT_BRAKE_SET,,,,
KEY_AXIS_RIGHT_BRAKE_SET,AXIS_RIGHT_BRAKE_SET,,,,
KEY_TOGGLE_AIRCRAFT_EXIT,TOGGLE_AIRCRAFT_EXIT,,,,
KEY_TOGGLE_WING_FOLD,TOGGLE_WING_FOLD,,,,
KEY_SET_WING_FOLD,SET_WING_FOLD,,,,
KEY_TOGGLE_TAIL_HOOK_HANDLE,TOGGLE_TAIL_HOOK_HANDLE,,,,
KEY_SET_TAIL_HOOK_HANDLE,SET_TAIL_HOOK_HANDLE,,,,
KEY_TOGGLE_WATER_RUDDER,TOGGLE_WATER_RUDDER,,,,
KEY_PUSHBACK_SET,TOGGLE_PUSHBACK,,,,
KEY_TUG_HEADING,KEY_TUG_HEADING,,,,
KEY_TUG_SPEED,KEY_TUG_SPEED,,,,
KEY_TUG_DISABLE,TUG_DISABLE,,,,
KEY_TOGGLE_MASTER_IGNITION_SWITCH,TOGGLE_MASTER_IGNITION_SWITCH,,,,
KEY_TOGGLE_TAILWHEEL_LOCK,TOGGLE_TAILWHEEL_LOCK,,,,
KEY_ADD_FUEL_QUANTITY,ADD_FUEL_QUANTITY,,,,
KEY_ROTOR_BRAKE,ROTOR_BRAKE,,,,
KEY_ROTOR_CLUTCH_SWITCH_TOGGLE,ROTOR_CLUTCH_SWITCH_TOGGLE,,,,
KEY_ROTOR_CLUTCH_SWITCH_SET,ROTOR_CLUTCH_SWITCH_SET,,,,
KEY_ROTOR_GOV_SWITCH_TOGGLE,ROTOR_GOV_SWITCH_TOGGLE,,,,
KEY_ROTOR_GOV_SWITCH_SET,ROTOR_GOV_SWITCH_SET,,,,
KEY_ROTOR_LATERAL_TRIM_INC,ROTOR_LATERAL_TRIM_INC,,,,
KEY_ROTOR_LATERAL_TRIM_DEC,ROTOR_LATERAL_TRIM_DEC,,,,
KEY_ROTOR_LATERAL_TRIM_SET,ROTOR_LATERAL_TRIM_SET,,,,
KEY_SLEW_TOGGLE,SLEW_TOGGLE,,,,
KEY_SLEW_OFF,SLEW_OFF,,,,
KEY_SLEW_ON,SLEW_ON,,,,
KEY_SLEW_SET,SLEW_SET,,,,
KEY_SLEW_RESET,SLEW_RESET,,,,
KEY_SLEW_ALTIT_UP_FAST,SLEW_ALTIT_UP_FAST,,,,
KEY_SLEW_ALTIT_UP_SLOW,SLEW_ALTIT_UP_SLOW,,,,
KEY_SLEW_ALTIT_FREEZE,SLEW_ALTIT_FREEZE,,,,
KEY_SLEW_ALTIT_DN_SLOW,SLEW_ALTIT_DN_SLOW,,,,
KEY_SLEW_ALTIT_DN_FAST,SLEW_ALTIT_DN_FAST,,,,
KEY_SLEW_ALTIT_PLUS,SLEW_ALTIT_PLUS,,,,
KEY_SLEW_ALTIT_MINUS,SLEW_ALTIT_MINUS,,,,
KEY_SLEW_PITCH_DN_FAST,SLEW_PITCH_DN_FAST,,,,
KEY_SLEW_PITCH_DN_SLOW,SLEW_PITCH_DN_SLOW,,,,
KEY_SLEW_PITCH_FREEZE,SLEW_PITCH_FREEZE,,,,
KEY_SLEW_PITCH_UP_SLOW,SLEW_PITCH_UP_SLOW,,,,
KEY_SLEW_PITCH_UP_FAST,SLEW_PITCH_UP_FAST,,,,
KEY_SLEW_PITCH_PLUS,SLEW_PITCH_PLUS,,,,
KEY_SLEW_PITCH_MINUS,SLEW_PITCH_MINUS,,,,
KEY_SLEW_BANK_MINUS,SLEW_BANK_MINUS,,,,
KEY_SLEW_AHEAD_PLUS,SLEW_AHEAD_PLUS,,,,
KEY_SLEW_BANK_PLUS,SLEW_BANK_PLUS,,,,
KEY_SLEW_LEFT,SLEW_LEFT,,,,
KEY_SLEW_FREEZE,SLEW_FREEZE,,,,
KEY_SLEW_RIGHT,SLEW_RIGHT,,,,
KEY_SLEW_HEADING_MINUS,SLEW_HEADING_MINUS,,,,
KEY_SLEW_AHEAD_MINUS,SLEW_AHEAD_MINUS,,,,
KEY_SLEW_HEADING_PLUS,SLEW_HEADING_PLUS,,,,
KEY_AXIS_SLEW_AHEAD_SET,AXIS_SLEW_AHEAD_SET,,,,
KEY_AXIS_SLEW_SIDEWAYS_SET,AXIS_SLEW_SIDEWAYS_SET,,,,
KEY_AXIS_SLEW_HEADING_SET,AXIS_SLEW_HEADING_SET,,,,
KEY_AXIS_SLEW_ALT_SET,AXIS_SLEW_ALT_SET,,,,
KEY_AXIS_SLEW_BANK_SET,AXIS_SLEW_BANK_SET,,,,
KEY_AXIS_SLEW_PITCH_SET,AXIS_SLEW_PITCH_SET,,,,
KEY_VIEW_MODE,VIEW_MODE,,,,
KEY_VIEW_WINDOW_TO_FRONT,VIEW_WINDOW_TO_FRONT,,,,
KEY_VIEW_RESET,VIEW_RESET,,,,
KEY_VIEW_ALWAYS_PAN_UP,VIEW_ALWAYS_PAN_UP,,,,
KEY_VIEW_ALWAYS_PAN_DOWN,VIEW_ALWAYS_PAN_DOWN,,,,
KEY_NEXT_SUB_VIEW,NEXT_SUB_VIEW,,,,
KEY_PREV_SUB_VIEW,PREV_SUB_VIEW,,,,
KEY_VIEW_TRACK_PAN_TOGGLE,VIEW_TRACK_PAN_TOGGLE,,,,
KEY_VIEW_PREVIOUS_TOGGLE,VIEW_PREVIOUS_TOGGLE,,,,
KEY_VIEW_CAMERA_SELECT_STARTING,VIEW_CAMERA_SELECT_START,,,,
KEY_PANEL_HUD_NEXT,PANEL_HUD_NEXT,,,,
KEY_PANEL_HUD_PREVIOUS,PANEL_HUD_PREVIOUS,,,,
KEY_ZOOM_IN,ZOOM_IN,,,,
KEY_ZOOM_OUT,ZOOM_OUT,,,,
KEY_MAP_ZOOM_FINE_IN,MAP_ZOOM_FINE_IN,,,,
KEY_PAN_LEFT,PAN_LEFT,,,,
KEY_PAN_RIGHT,PAN_RIGHT,,,,
KEY_MAP_ZOOM_FINE_OUT,MAP_ZOOM_FINE_OUT,,,,
KEY_VIEW_FORWARD,VIEW_FORWARD,,,,
KEY_VIEW_FORWARD_RIGHT,VIEW_FORWARD_RIGHT,,,,
KEY_VIEW_RIGHT,VIEW_RIGHT,,,,
KEY_VIEW_REAR_RIGHT,VIEW_REAR_RIGHT,,,,
KEY_VIEW_REAR,VIEW_REAR,,,,
KEY_VIEW_REAR_LEFT,VIEW_REAR_LEFT,,,,
KEY_VIEW_LEFT,VIEW_LEFT,,,,
KEY_VIEW_FORWARD_LEFT,VIEW_FORWARD_LEFT,,,,
KEY_VIEW_DOWN,VIEW_DOWN,,,,
KEY_ZOOM_MINUS,ZOOM_MINUS,,,,
KEY_ZOOM_PLUS,ZOOM_PLUS,,,,
KEY_PAN_UP,PAN_UP,,,,
KEY_PAN_DOWN,PAN_DOWN,,,,
KEY_VIEW_MODE_REV,VIEW_MODE_REV,,,,
KEY_ZOOM_IN_FINE,ZOOM_IN_FINE,,,,
KEY_ZOOM_OUT_FINE,ZOOM_OUT_FINE,,,,
KEY_CLOSE_VIEW,CLOSE_VIEW,,,,
KEY_NEW_VIEW,NEW_VIEW,,,,
KEY_NEXT_VIEW,NEXT_VIEW,,,,
KEY_PREV_VIEW,PREV_VIEW,,,,
KEY_PAN_LEFT_UP,PAN_LEFT_UP,,,,
KEY_PAN_LEFT_DOWN,PAN_LEFT_DOWN,,,,
KEY_PAN_RIGHT_UP,PAN_RIGHT_UP,,,,
KEY_PAN_RIGHT_DOWN,PAN_RIGHT_DOWN,,,,
KEY_PAN_TILT_LEFT,PAN_TILT_LEFT,,,,
KEY_PAN_TILT_RIGHT,PAN_TILT_RIGHT,,,,
KEY_PAN_RESET,PAN_RESET,,,,
KEY_VIEW_FORWARD_UP,VIEW_FORWARD_UP,,,,
KEY_VIEW_FORWARD_RIGHT_UP,VIEW_FORWARD_RIGHT_UP,,,,
KEY_VIEW_RIGHT_UP,VIEW_RIGHT_UP,,,,
KEY_VIEW_REAR_RIGHT_UP,VIEW_REAR_RIGHT_UP,,,,
KEY_VIEW_REAR_UP,VIEW_REAR_UP,,,,
KEY_VIEW_REAR_LEFT_UP,VIEW_REAR_LEFT_UP,,,,
KEY_VIEW_LEFT_UP,VIEW_LEFT_UP,,,,
KEY_VIEW_FORWARD_LEFT_UP,VIEW_FORWARD_LEFT_UP,,,,
KEY_VIEW_UP,VIEW_UP,,,,
KEY_VIEW_RESET,VIEW_RESET,,,,
KEY_PAN_RESET_COCKPIT,PAN_RESET_COCKPIT,,,,
KEY_CHASE_VIEW_NEXT,KEY_CHASE_VIEW_NEXT,,,,
KEY_CHASE_VIEW_PREV,KEY_CHASE_VIEW_PREV,,,,
KEY_CHASE_VIEW_TOGGLE,CHASE_VIEW_TOGGLE,,,,
KEY_EYEPOINT_UP,EYEPOINT_UP,,,,
KEY_EYEPOINT_DOWN,EYEPOINT_DOWN,,,,
KEY_EYEPOINT_RIGHT,EYEPOINT_RIGHT,,,,
KEY_EYEPOINT_LEFT,EYEPOINT_LEFT,,,,
KEY_EYEPOINT_FORWARD,EYEPOINT_FORWARD,,,,
KEY_EYEPOINT_BACK,EYEPOINT_BACK,,,,
KEY_EYEPOINT_RESET,EYEPOINT_RESET,,,,
KEY_NEW_MAP,NEW_MAP,,,,
KEY_PAUSE_TOGGLE,PAUSE_TOGGLE,,,,
KEY_PAUSE_ON,PAUSE_ON,,,,
KEY_PAUSE_OFF,PAUSE_OFF,,,,
KEY_PAUSE_SET,PAUSE_SET,,,,
KEY_DEMO_STOP,DEMO_STOP,,,,
KEY_SELECT_1,SELECT_1,,,,
KEY_SELECT_2,SELECT_2,,,,
KEY_SELECT_3,SELECT_3,,,,
KEY_SELECT_4,SELECT_4,,,,
KEY_MINUS,MINUS,,,,
KEY_PLUS,PLUS,,,,
KEY_ZOOM_1X,ZOOM_1X,,,,
KEY_SOUND_TOGGLE,SOUND_TOGGLE,,,,
KEY_SIM_RATE,SIM_RATE,,,,
KEY_JOYSTICK_CALIBRATE,JOYSTICK_CALIBRATE,,,,
KEY_SITUATION_SAVE,SITUATION_SAVE,,,,
KEY_SITUATION_RESET,SITUATION_RESET,,,,
KEY_SOUND_SET,SOUND_SET,,,,
KEY_EXIT,EXIT,,,,
KEY_ABORT,ABORT,,,,
KEY_READOUTS_SLEW,READOUTS_SLEW,,,,
KEY_READOUTS_FLIGHT,READOUTS_FLIGHT,,,,
KEY_MINUS_SHIFT,MINUS_SHIFT,,,,
KEY_PLUS_SHIFT,PLUS_SHIFT,,,,
KEY_SIM_RATE_INCR,SIM_RATE_INCR,,,,
KEY_SIM_RATE_DECR,SIM_RATE_DECR,,,,
KEY_KNEEBOARD,KNEEBOARD_VIEW,,,,
KEY_PANEL_1,PANEL_1,,,,
KEY_PANEL_2,PANEL_2,,,,
KEY_PANEL_3,PANEL_3,,,,
KEY_PANEL_4,PANEL_4,,,,
KEY_PANEL_5,PANEL_5,,,,
KEY_PANEL_6,PANEL_6,,,,
KEY_PANEL_7,PANEL_7,,,,
KEY_PANEL_8,PANEL_8,,,,
KEY_PANEL_9,PANEL_9,,,,
KEY_SOUND_ON,SOUND_ON,,,,
KEY_SOUND_OFF,SOUND_OFF,,,,
KEY_INVOKE_HELP,INVOKE_HELP,,,,
KEY_TOGGLE_AIRCRAFT_LABELS,TOGGLE_AIRCRAFT_LABELS,,,,
KEY_FLIGHT_MAP,FLIGHT_MAP,,,,
KEY_RELOAD_PANELS,RELOAD_PANELS,,,,
KEY_PANEL_ID_TOGGLE,PANEL_ID_TOGGLE,,,,
KEY_PANEL_ID_OPEN,PANEL_ID_OPEN,,,,
KEY_PANEL_ID_CLOSE,PANEL_ID_CLOSE,,,,
KEY_CONTROL_RELOAD_USER_AIRCRAFT,RELOAD_USER_AIRCRAFT,,,,
KEY_SIM_RESET,SIM_RESET,,,,
KEY_VIRTUAL_COPILOT_TOGGLE,VIRTUAL_COPILOT_TOGGLE,,,,
KEY_VIRTUAL_COPILOT_SET,VIRTUAL_COPILOT_SET,,,,
KEY_VIRTUAL_COPILOT_ACTION,VIRTUAL_COPILOT_ACTION,,,,
KEY_REFRESH_SCENERY,REFRESH_SCENERY,,,,
KEY_CLOCK_HOURS_DEC,CLOCK_HOURS_DEC,,,,
KEY_CLOCK_HOURS_INC,CLOCK_HOURS_INC,,,,
KEY_CLOCK_MINUTES_DEC,CLOCK_MINUTES_DEC,,,,
KEY_CLOCK_MINUTES_INC,CLOCK_MINUTES_INC,,,,
KEY_CLOCK_SECONDS_ZERO,CLOCK_SECONDS_ZERO,,,,
KEY_CLOCK_HOURS_SET,CLOCK_HOURS_SET,,,,
KEY_CLOCK_MINUTES_SET,CLOCK_MINUTES_SET,,,,
KEY_ZULU_HOURS_SET,ZULU_HOURS_SET,,,,
KEY_ZULU_MINUTES_SET,ZULU_MINUTES_SET,,,,
KEY_ZULU_DAY_SET,ZULU_DAY_SET,,,,
KEY_ZULU_YEAR_SET,ZULU_YEAR_SET,,,,
KEY_ATC,ATC,,,,
KEY_ATC_MENU_1,ATC_MENU_1,,,,
KEY_ATC_MENU_2,ATC_MENU_2,,,,
KEY_ATC_MENU_3,ATC_MENU_3,,,,
KEY_ATC_MENU_4,ATC_MENU_4,,,,
KEY_ATC_MENU_5,ATC_MENU_5,,,,
KEY_ATC_MENU_6,ATC_MENU_6,,,,
KEY_ATC_MENU_7,ATC_MENU_7,,,,
KEY_ATC_MENU_8,ATC_MENU_8,,,,
KEY_ATC_MENU_9,ATC_MENU_9,,,,
KEY_ATC_MENU_0,ATC_MENU_0,,,,
KEY_MULTIPLAYER_TRANSFER_CONTROL,MP_TRANSFER_CONTROL,,,,
KEY_MULTIPLAYER_PLAYER_CYCLE,MP_PLAYER_CYCLE,,,,
KEY_MULTIPLAYER_PLAYER_FOLLOW,MP_PLAYER_FOLLOW,,,,
KEY_MULTIPLAYER_CHAT,MP_CHAT,,,,
KEY_MULTIPLAYER_ACTIVATE_CHAT,MP_ACTIVATE_CHAT,,,,
KEY_MULTIPLAYER_VOICE_CAPTURE_START,MP_VOICE_CAPTURE_START,,,,
KEY_MULTIPLAYER_VOICE_CAPTURE_STOP,MP_VOICE_CAPTURE_STOP,,,,
KEY_MULTIPLAYER_BROADCAST_VOICE_CAPTURE_START,MP_BROADCAST_VOICE_CAPTURE_START,,,,
KEY_MULTIPLAYER_BROADCAST_VOICE_CAPTURE_STOP,MP_BROADCAST_VOICE_CAPTURE_STOP,,,,
,,,,,
